"Citizenship","Gender","Education","2019","2020","2023"
"Emirati","Male","Illiterate","7","-","-"
"Emirati","Male","Reads and writes","22.7","-","-"
"Emirati","Male","Primary","33.1","-","-"
"Emirati","Male","Preparatory","44.8","-","-"
"Emirati","Male","Secondary","68.4","-","-"
"Emirati","Male","Post-Secondary Non-Tertiary","70.5","-","-"
"Emirati","Male","Short-Cycle Tertiary Education","86.7","-","-"
"Emirati","Male","Bachelor or equivalent","88","-","-"
"Emirati","Male","Higher Diploma","79.8","-","-"
"Emirati","Male","Masters or equivalent","93.5","-","-"
"Emirati","Male","Doctoral or equivalent","82.5","-","-"
"Emirati","Male","Not Stated","28.8","-","-"
"Emirati","Male","Total","62.2","-","-"
"Emirati","Female","Illiterate","0.5","-","-"
"Emirati","Female","Reads and writes","2.1","-","-"
"Emirati","Female","Primary","4.2","-","-"
"Emirati","Female","Preparatory","11.7","-","-"
"Emirati","Female","Secondary","29.5","-","-"
"Emirati","Female","Post-Secondary Non-Tertiary","44.4","-","-"
"Emirati","Female","Short-Cycle Tertiary Education","51.9","-","-"
"Emirati","Female","Bachelor or equivalent","69.9","-","-"
"Emirati","Female","Higher Diploma","48","-","-"
"Emirati","Female","Masters or equivalent","83.6","-","-"
"Emirati","Female","Doctoral or equivalent","86.8","-","-"
"Emirati","Female","Not Stated","13.5","-","-"
"Emirati","Female","Total","33.2","-","-"
"Emirati","Total","Illiterate","2.6","-","-"
"Emirati","Total","Reads and writes","9.3","-","-"
"Emirati","Total","Primary","18","-","-"
"Emirati","Total","Preparatory","31","-","-"
"Emirati","Total","Secondary","49.7","-","-"
"Emirati","Total","Post-Secondary Non-Tertiary","55.3","-","-"
"Emirati","Total","Short-Cycle Tertiary Education","67.9","-","-"
"Emirati","Total","Bachelor or equivalent","77.8","-","-"
"Emirati","Total","Higher Diploma","66.7","-","-"
"Emirati","Total","Masters or equivalent","89.5","-","-"
"Emirati","Total","Doctoral or equivalent","83.7","-","-"
"Emirati","Total","Not Stated","20.7","-","-"
"Emirati","Total","Total","47.6","-","-"
"Non-Emirati","Male","Illiterate","96.4","-","-"
"Non-Emirati","Male","Reads and writes","98.4","-","-"
"Non-Emirati","Male","Primary","95.4","-","-"
"Non-Emirati","Male","Preparatory","88.5","-","-"
"Non-Emirati","Male","Secondary","90.9","-","-"
"Non-Emirati","Male","Post-Secondary Non-Tertiary","95.8","-","-"
"Non-Emirati","Male","Short-Cycle Tertiary Education","95.7","-","-"
"Non-Emirati","Male","Bachelor or equivalent","97.1","-","-"
"Non-Emirati","Male","Higher Diploma","99.5","-","-"
"Non-Emirati","Male","Masters or equivalent","99.3","-","-"
"Non-Emirati","Male","Doctoral or equivalent","98.9","-","-"
"Non-Emirati","Male","Not Stated","0","-","-"
"Non-Emirati","Male","Total","94.2","-","-"
"Non-Emirati","Female","Illiterate","78.4","-","-"
"Non-Emirati","Female","Reads and writes","83","-","-"
"Non-Emirati","Female","Primary","74.4","-","-"
"Non-Emirati","Female","Preparatory","50.8","-","-"
"Non-Emirati","Female","Secondary","49.6","-","-"
"Non-Emirati","Female","Post-Secondary Non-Tertiary","44.8","-","-"
"Non-Emirati","Female","Short-Cycle Tertiary Education","66.3","-","-"
"Non-Emirati","Female","Bachelor or equivalent","60.7","-","-"
"Non-Emirati","Female","Higher Diploma","65.5","-","-"
"Non-Emirati","Female","Masters or equivalent","64.3","-","-"
"Non-Emirati","Female","Doctoral or equivalent","60.7","-","-"
"Non-Emirati","Female","Not Stated","3.5","-","-"
"Non-Emirati","Female","Total","61.1","-","-"
"Non-Emirati","Total","Illiterate","89.5","-","-"
"Non-Emirati","Total","Reads and writes","94.8","-","-"
"Non-Emirati","Total","Primary","89.3","-","-"
"Non-Emirati","Total","Preparatory","79","-","-"
"Non-Emirati","Total","Secondary","78.5","-","-"
"Non-Emirati","Total","Post-Secondary Non-Tertiary","81","-","-"
"Non-Emirati","Total","Short-Cycle Tertiary Education","87.3","-","-"
"Non-Emirati","Total","Bachelor or equivalent","81.8","-","-"
"Non-Emirati","Total","Higher Diploma","84.8","-","-"
"Non-Emirati","Total","Masters or equivalent","85.5","-","-"
"Non-Emirati","Total","Doctoral or equivalent","86.3","-","-"
"Non-Emirati","Total","Not Stated","2.7","-","-"
"Non-Emirati","Total","Total","83.3","-","-"
"Total","Male","Illiterate","90.1","87.2","88.45"
"Total","Male","Reads and writes","97.5","92.1","98.31"
"Total","Male","Primary","92.8","89.9","96.83"
"Total","Male","Preparatory","84.7","73.4","79.74"
"Total","Male","Secondary","88.4","77.7","88.73"
"Total","Male","Post-Secondary Non-Tertiary","93.9","86.4","95.84"
"Total","Male","Short-Cycle Tertiary Education","95.4","90.8","96.83"
"Total","Male","Bachelor or equivalent","96.6","93.8","94.33"
"Total","Male","Higher Diploma","98","89.6","98.73"
"Total","Male","Masters or equivalent","99","92.3","95.58"
"Total","Male","Doctoral or equivalent","97.6","91.3","91.67"
"Total","Male","Not Stated","23.4","96.9","100"
"Total","Male","Total","92","86.4","90.8"
"Total","Female","Illiterate","62.9","57.5","54.18"
"Total","Female","Reads and writes","77.4","89.4","80.07"
"Total","Female","Primary","67.3","79.7","69.89"
"Total","Female","Preparatory","44.2","41.9","32.99"
"Total","Female","Secondary","45.3","50.9","43.46"
"Total","Female","Post-Secondary Non-Tertiary","44.7","58.7","52.41"
"Total","Female","Short-Cycle Tertiary Education","64.8","69.4","67.66"
"Total","Female","Bachelor or equivalent","61.5","72.5","58.34"
"Total","Female","Higher Diploma","64.3","63.4","58.62"
"Total","Female","Masters or equivalent","65.1","77.3","62.14"
"Total","Female","Doctoral or equivalent","62.3","96.4","73.83"
"Total","Female","Not Stated","9.5","0","0"
"Total","Female","Total","57.5","65.7","54.48"
"Total","Total","Illiterate","78.7","76.9","75.47"
"Total","Total","Reads and writes","92.6","91.4","94.17"
"Total","Total","Primary","85","87.1","89.19"
"Total","Total","Preparatory","73.8","66.2","67.43"
"Total","Total","Secondary","74.3","69.3","76.69"
"Total","Total","Post-Secondary Non-Tertiary","78","78.8","81.55"
"Total","Total","Short-Cycle Tertiary Education","86.1","83.9","90.02"
"Total","Total","Bachelor or equivalent","81.5","86.7","76.7"
"Total","Total","Higher Diploma","83.5","84.2","82.19"
"Total","Total","Masters or equivalent","85.7","87.9","79.88"
"Total","Total","Doctoral or equivalent","86.1","92.7","84.8"
"Total","Total","Not Stated","15","96.9","80.68"
"Total","Total","Total","80.1","80.3","78.45"