STRUCTURE,STRUCTURE_ID,STRUCTURE_NAME,ACTION,FREQ,Frequency of observation,MEASURE,People of Determination,CEN_TYPE,Sector,GENDER,Gender,CITIZENSHIP,Nationality,DIS_TYPE,Disability Type,AGE_GRP,Age Group,QUAL,Qualification,REF_AREA,Reference area,UNIT_MEASURE,Unit of measure,SOURCE_DETAIL,Source,TIME_PERIOD,Time period,OBS_VALUE,Observation value,OBS_STATUS,Observation status,DECIMALS,Decimals,UNIT_MULT,Unit multiplier
DATAFLOW,FCSA:DF_STAFF_GEN(3.4.0),Number of Staff in People of Determination Care and Rehabilitation Centers by Gender and Sector,I,A,Annual,STF,Staff,_T,Total,_T,Total,_Z,Not Applicable,_Z,Not Applicable,_Z,Not Applicable,_Z,Not Applicable,AE,UAE,NUMBER,Number,MCD,Ministry of Community Development,2017,,2587,,,,,,,
DATAFLOW,FCSA:DF_STAFF_GEN(3.4.0),Number of Staff in People of Determination Care and Rehabilitation Centers by Gender and Sector,I,A,Annual,STF,Staff,_T,Total,_T,Total,_Z,Not Applicable,_Z,Not Applicable,_Z,Not Applicable,_Z,Not Applicable,AE,UAE,NUMBER,Number,MCD,Ministry of Community Development,2021,,2845,,,,,,,
DATAFLOW,FCSA:DF_STAFF_GEN(3.4.0),Number of Staff in People of Determination Care and Rehabilitation Centers by Gender and Sector,I,A,Annual,STF,Staff,_T,Total,_T,Total,_Z,Not Applicable,_Z,Not Applicable,_Z,Not Applicable,_Z,Not Applicable,AE,UAE,NUMBER,Number,MCD,Ministry of Community Development,2022,,2949,,,,,,,
DATAFLOW,FCSA:DF_STAFF_GEN(3.4.0),Number of Staff in People of Determination Care and Rehabilitation Centers by Gender and Sector,I,A,Annual,STF,Staff,_T,Total,_T,Total,_Z,Not Applicable,_Z,Not Applicable,_Z,Not Applicable,_Z,Not Applicable,AE,UAE,NUMBER,Number,MCD,Ministry of Community Development,2023,,3680,,,,,,,
DATAFLOW,FCSA:DF_STAFF_GEN(3.4.0),Number of Staff in People of Determination Care and Rehabilitation Centers by Gender and Sector,I,A,Annual,STF,Staff,LOC,Local Government,_T,Total,_Z,Not Applicable,_Z,Not Applicable,_Z,Not Applicable,_Z,Not Applicable,AE,UAE,NUMBER,Number,MCD,Ministry of Community Development,2017,,884,,,,,,,
DATAFLOW,FCSA:DF_STAFF_GEN(3.4.0),Number of Staff in People of Determination Care and Rehabilitation Centers by Gender and Sector,I,A,Annual,STF,Staff,LOC,Local Government,_T,Total,_Z,Not Applicable,_Z,Not Applicable,_Z,Not Applicable,_Z,Not Applicable,AE,UAE,NUMBER,Number,MCD,Ministry of Community Development,2021,,255,,,,,,,
DATAFLOW,FCSA:DF_STAFF_GEN(3.4.0),Number of Staff in People of Determination Care and Rehabilitation Centers by Gender and Sector,I,A,Annual,STF,Staff,LOC,Local Government,_T,Total,_Z,Not Applicable,_Z,Not Applicable,_Z,Not Applicable,_Z,Not Applicable,AE,UAE,NUMBER,Number,MCD,Ministry of Community Development,2022,,1165,,,,,,,
DATAFLOW,FCSA:DF_STAFF_GEN(3.4.0),Number of Staff in People of Determination Care and Rehabilitation Centers by Gender and Sector,I,A,Annual,STF,Staff,LOC,Local Government,_T,Total,_Z,Not Applicable,_Z,Not Applicable,_Z,Not Applicable,_Z,Not Applicable,AE,UAE,NUMBER,Number,MCD,Ministry of Community Development,2023,,1366,,,,,,,
DATAFLOW,FCSA:DF_STAFF_GEN(3.4.0),Number of Staff in People of Determination Care and Rehabilitation Centers by Gender and Sector,I,A,Annual,STF,Staff,LOC,Local Government,F,Female,_Z,Not Applicable,_Z,Not Applicable,_Z,Not Applicable,_Z,Not Applicable,AE,UAE,NUMBER,Number,MCD,Ministry of Community Development,2017,,612,,,,,,,
DATAFLOW,FCSA:DF_STAFF_GEN(3.4.0),Number of Staff in People of Determination Care and Rehabilitation Centers by Gender and Sector,I,A,Annual,STF,Staff,LOC,Local Government,F,Female,_Z,Not Applicable,_Z,Not Applicable,_Z,Not Applicable,_Z,Not Applicable,AE,UAE,NUMBER,Number,MCD,Ministry of Community Development,2021,,208,,,,,,,
DATAFLOW,FCSA:DF_STAFF_GEN(3.4.0),Number of Staff in People of Determination Care and Rehabilitation Centers by Gender and Sector,I,A,Annual,STF,Staff,LOC,Local Government,F,Female,_Z,Not Applicable,_Z,Not Applicable,_Z,Not Applicable,_Z,Not Applicable,AE,UAE,NUMBER,Number,MCD,Ministry of Community Development,2022,,844,,,,,,,
DATAFLOW,FCSA:DF_STAFF_GEN(3.4.0),Number of Staff in People of Determination Care and Rehabilitation Centers by Gender and Sector,I,A,Annual,STF,Staff,LOC,Local Government,F,Female,_Z,Not Applicable,_Z,Not Applicable,_Z,Not Applicable,_Z,Not Applicable,AE,UAE,NUMBER,Number,MCD,Ministry of Community Development,2023,,973,,,,,,,
DATAFLOW,FCSA:DF_STAFF_GEN(3.4.0),Number of Staff in People of Determination Care and Rehabilitation Centers by Gender and Sector,I,A,Annual,STF,Staff,_T,Total,M,Male,_Z,Not Applicable,_Z,Not Applicable,_Z,Not Applicable,_Z,Not Applicable,AE,UAE,NUMBER,Number,MCD,Ministry of Community Development,2017,,812,,,,,,,
DATAFLOW,FCSA:DF_STAFF_GEN(3.4.0),Number of Staff in People of Determination Care and Rehabilitation Centers by Gender and Sector,I,A,Annual,STF,Staff,_T,Total,M,Male,_Z,Not Applicable,_Z,Not Applicable,_Z,Not Applicable,_Z,Not Applicable,AE,UAE,NUMBER,Number,MCD,Ministry of Community Development,2021,,807,,,,,,,
DATAFLOW,FCSA:DF_STAFF_GEN(3.4.0),Number of Staff in People of Determination Care and Rehabilitation Centers by Gender and Sector,I,A,Annual,STF,Staff,_T,Total,M,Male,_Z,Not Applicable,_Z,Not Applicable,_Z,Not Applicable,_Z,Not Applicable,AE,UAE,NUMBER,Number,MCD,Ministry of Community Development,2022,,886,,,,,,,
DATAFLOW,FCSA:DF_STAFF_GEN(3.4.0),Number of Staff in People of Determination Care and Rehabilitation Centers by Gender and Sector,I,A,Annual,STF,Staff,_T,Total,M,Male,_Z,Not Applicable,_Z,Not Applicable,_Z,Not Applicable,_Z,Not Applicable,AE,UAE,NUMBER,Number,MCD,Ministry of Community Development,2023,,1123,,,,,,,
DATAFLOW,FCSA:DF_STAFF_GEN(3.4.0),Number of Staff in People of Determination Care and Rehabilitation Centers by Gender and Sector,I,A,Annual,STF,Staff,FED,Federal Government,F,Female,_Z,Not Applicable,_Z,Not Applicable,_Z,Not Applicable,_Z,Not Applicable,AE,UAE,NUMBER,Number,MCD,Ministry of Community Development,2017,,197,,,,,,,
DATAFLOW,FCSA:DF_STAFF_GEN(3.4.0),Number of Staff in People of Determination Care and Rehabilitation Centers by Gender and Sector,I,A,Annual,STF,Staff,FED,Federal Government,F,Female,_Z,Not Applicable,_Z,Not Applicable,_Z,Not Applicable,_Z,Not Applicable,AE,UAE,NUMBER,Number,MCD,Ministry of Community Development,2021,,606,,,,,,,
DATAFLOW,FCSA:DF_STAFF_GEN(3.4.0),Number of Staff in People of Determination Care and Rehabilitation Centers by Gender and Sector,I,A,Annual,STF,Staff,FED,Federal Government,F,Female,_Z,Not Applicable,_Z,Not Applicable,_Z,Not Applicable,_Z,Not Applicable,AE,UAE,NUMBER,Number,MCD,Ministry of Community Development,2022,,228,,,,,,,
DATAFLOW,FCSA:DF_STAFF_GEN(3.4.0),Number of Staff in People of Determination Care and Rehabilitation Centers by Gender and Sector,I,A,Annual,STF,Staff,FED,Federal Government,F,Female,_Z,Not Applicable,_Z,Not Applicable,_Z,Not Applicable,_Z,Not Applicable,AE,UAE,NUMBER,Number,MCD,Ministry of Community Development,2023,,221,,,,,,,
DATAFLOW,FCSA:DF_STAFF_GEN(3.4.0),Number of Staff in People of Determination Care and Rehabilitation Centers by Gender and Sector,I,A,Annual,STF,Staff,PRIV_SEC,Private Sector,F,Female,_Z,Not Applicable,_Z,Not Applicable,_Z,Not Applicable,_Z,Not Applicable,AE,UAE,NUMBER,Number,MCD,Ministry of Community Development,2017,,966,,,,,,,
DATAFLOW,FCSA:DF_STAFF_GEN(3.4.0),Number of Staff in People of Determination Care and Rehabilitation Centers by Gender and Sector,I,A,Annual,STF,Staff,PRIV_SEC,Private Sector,F,Female,_Z,Not Applicable,_Z,Not Applicable,_Z,Not Applicable,_Z,Not Applicable,AE,UAE,NUMBER,Number,MCD,Ministry of Community Development,2021,,754,,,,,,,
DATAFLOW,FCSA:DF_STAFF_GEN(3.4.0),Number of Staff in People of Determination Care and Rehabilitation Centers by Gender and Sector,I,A,Annual,STF,Staff,PRIV_SEC,Private Sector,F,Female,_Z,Not Applicable,_Z,Not Applicable,_Z,Not Applicable,_Z,Not Applicable,AE,UAE,NUMBER,Number,MCD,Ministry of Community Development,2022,,486,,,,,,,
DATAFLOW,FCSA:DF_STAFF_GEN(3.4.0),Number of Staff in People of Determination Care and Rehabilitation Centers by Gender and Sector,I,A,Annual,STF,Staff,PRIV_SEC,Private Sector,F,Female,_Z,Not Applicable,_Z,Not Applicable,_Z,Not Applicable,_Z,Not Applicable,AE,UAE,NUMBER,Number,MCD,Ministry of Community Development,2023,,557,,,,,,,
DATAFLOW,FCSA:DF_STAFF_GEN(3.4.0),Number of Staff in People of Determination Care and Rehabilitation Centers by Gender and Sector,I,A,Annual,STF,Staff,SEMI,Semi-Government,F,Female,_Z,Not Applicable,_Z,Not Applicable,_Z,Not Applicable,_Z,Not Applicable,AE,UAE,NUMBER,Number,MCD,Ministry of Community Development,2021,,470,,,,,,,
DATAFLOW,FCSA:DF_STAFF_GEN(3.4.0),Number of Staff in People of Determination Care and Rehabilitation Centers by Gender and Sector,I,A,Annual,STF,Staff,SEMI,Semi-Government,F,Female,_Z,Not Applicable,_Z,Not Applicable,_Z,Not Applicable,_Z,Not Applicable,AE,UAE,NUMBER,Number,MCD,Ministry of Community Development,2022,,505,,,,,,,
DATAFLOW,FCSA:DF_STAFF_GEN(3.4.0),Number of Staff in People of Determination Care and Rehabilitation Centers by Gender and Sector,I,A,Annual,STF,Staff,SEMI,Semi-Government,F,Female,_Z,Not Applicable,_Z,Not Applicable,_Z,Not Applicable,_Z,Not Applicable,AE,UAE,NUMBER,Number,MCD,Ministry of Community Development,2023,,806,,,,,,,
DATAFLOW,FCSA:DF_STAFF_GEN(3.4.0),Number of Staff in People of Determination Care and Rehabilitation Centers by Gender and Sector,I,A,Annual,STF,Staff,_T,Total,F,Female,_Z,Not Applicable,_Z,Not Applicable,_Z,Not Applicable,_Z,Not Applicable,AE,UAE,NUMBER,Number,MCD,Ministry of Community Development,2017,,1775,,,,,,,
DATAFLOW,FCSA:DF_STAFF_GEN(3.4.0),Number of Staff in People of Determination Care and Rehabilitation Centers by Gender and Sector,I,A,Annual,STF,Staff,_T,Total,F,Female,_Z,Not Applicable,_Z,Not Applicable,_Z,Not Applicable,_Z,Not Applicable,AE,UAE,NUMBER,Number,MCD,Ministry of Community Development,2021,,2038,,,,,,,
DATAFLOW,FCSA:DF_STAFF_GEN(3.4.0),Number of Staff in People of Determination Care and Rehabilitation Centers by Gender and Sector,I,A,Annual,STF,Staff,_T,Total,F,Female,_Z,Not Applicable,_Z,Not Applicable,_Z,Not Applicable,_Z,Not Applicable,AE,UAE,NUMBER,Number,MCD,Ministry of Community Development,2022,,2063,,,,,,,
DATAFLOW,FCSA:DF_STAFF_GEN(3.4.0),Number of Staff in People of Determination Care and Rehabilitation Centers by Gender and Sector,I,A,Annual,STF,Staff,_T,Total,F,Female,_Z,Not Applicable,_Z,Not Applicable,_Z,Not Applicable,_Z,Not Applicable,AE,UAE,NUMBER,Number,MCD,Ministry of Community Development,2023,,2557,,,,,,,
DATAFLOW,FCSA:DF_STAFF_GEN(3.4.0),Number of Staff in People of Determination Care and Rehabilitation Centers by Gender and Sector,I,A,Annual,STF,Staff,PRIV_SEC,Private Sector,_T,Total,_Z,Not Applicable,_Z,Not Applicable,_Z,Not Applicable,_Z,Not Applicable,AE,UAE,NUMBER,Number,MCD,Ministry of Community Development,2017,,1471,,,,,,,
DATAFLOW,FCSA:DF_STAFF_GEN(3.4.0),Number of Staff in People of Determination Care and Rehabilitation Centers by Gender and Sector,I,A,Annual,STF,Staff,PRIV_SEC,Private Sector,_T,Total,_Z,Not Applicable,_Z,Not Applicable,_Z,Not Applicable,_Z,Not Applicable,AE,UAE,NUMBER,Number,MCD,Ministry of Community Development,2021,,1060,,,,,,,
DATAFLOW,FCSA:DF_STAFF_GEN(3.4.0),Number of Staff in People of Determination Care and Rehabilitation Centers by Gender and Sector,I,A,Annual,STF,Staff,PRIV_SEC,Private Sector,_T,Total,_Z,Not Applicable,_Z,Not Applicable,_Z,Not Applicable,_Z,Not Applicable,AE,UAE,NUMBER,Number,MCD,Ministry of Community Development,2022,,821,,,,,,,
DATAFLOW,FCSA:DF_STAFF_GEN(3.4.0),Number of Staff in People of Determination Care and Rehabilitation Centers by Gender and Sector,I,A,Annual,STF,Staff,PRIV_SEC,Private Sector,_T,Total,_Z,Not Applicable,_Z,Not Applicable,_Z,Not Applicable,_Z,Not Applicable,AE,UAE,NUMBER,Number,MCD,Ministry of Community Development,2023,,939,,,,,,,
DATAFLOW,FCSA:DF_STAFF_GEN(3.4.0),Number of Staff in People of Determination Care and Rehabilitation Centers by Gender and Sector,I,A,Annual,STF,Staff,SEMI,Semi-Government,M,Male,_Z,Not Applicable,_Z,Not Applicable,_Z,Not Applicable,_Z,Not Applicable,AE,UAE,NUMBER,Number,MCD,Ministry of Community Development,2021,,156,,,,,,,
DATAFLOW,FCSA:DF_STAFF_GEN(3.4.0),Number of Staff in People of Determination Care and Rehabilitation Centers by Gender and Sector,I,A,Annual,STF,Staff,SEMI,Semi-Government,M,Male,_Z,Not Applicable,_Z,Not Applicable,_Z,Not Applicable,_Z,Not Applicable,AE,UAE,NUMBER,Number,MCD,Ministry of Community Development,2022,,182,,,,,,,
DATAFLOW,FCSA:DF_STAFF_GEN(3.4.0),Number of Staff in People of Determination Care and Rehabilitation Centers by Gender and Sector,I,A,Annual,STF,Staff,SEMI,Semi-Government,M,Male,_Z,Not Applicable,_Z,Not Applicable,_Z,Not Applicable,_Z,Not Applicable,AE,UAE,NUMBER,Number,MCD,Ministry of Community Development,2023,,299,,,,,,,
DATAFLOW,FCSA:DF_STAFF_GEN(3.4.0),Number of Staff in People of Determination Care and Rehabilitation Centers by Gender and Sector,I,A,Annual,STF,Staff,SEMI,Semi-Government,_T,Total,_Z,Not Applicable,_Z,Not Applicable,_Z,Not Applicable,_Z,Not Applicable,AE,UAE,NUMBER,Number,MCD,Ministry of Community Development,2021,,626,,,,,,,
DATAFLOW,FCSA:DF_STAFF_GEN(3.4.0),Number of Staff in People of Determination Care and Rehabilitation Centers by Gender and Sector,I,A,Annual,STF,Staff,SEMI,Semi-Government,_T,Total,_Z,Not Applicable,_Z,Not Applicable,_Z,Not Applicable,_Z,Not Applicable,AE,UAE,NUMBER,Number,MCD,Ministry of Community Development,2022,,687,,,,,,,
DATAFLOW,FCSA:DF_STAFF_GEN(3.4.0),Number of Staff in People of Determination Care and Rehabilitation Centers by Gender and Sector,I,A,Annual,STF,Staff,SEMI,Semi-Government,_T,Total,_Z,Not Applicable,_Z,Not Applicable,_Z,Not Applicable,_Z,Not Applicable,AE,UAE,NUMBER,Number,MCD,Ministry of Community Development,2023,,1105,,,,,,,
DATAFLOW,FCSA:DF_STAFF_GEN(3.4.0),Number of Staff in People of Determination Care and Rehabilitation Centers by Gender and Sector,I,A,Annual,STF,Staff,FED,Federal Government,M,Male,_Z,Not Applicable,_Z,Not Applicable,_Z,Not Applicable,_Z,Not Applicable,AE,UAE,NUMBER,Number,MCD,Ministry of Community Development,2017,,35,,,,,,,
DATAFLOW,FCSA:DF_STAFF_GEN(3.4.0),Number of Staff in People of Determination Care and Rehabilitation Centers by Gender and Sector,I,A,Annual,STF,Staff,FED,Federal Government,M,Male,_Z,Not Applicable,_Z,Not Applicable,_Z,Not Applicable,_Z,Not Applicable,AE,UAE,NUMBER,Number,MCD,Ministry of Community Development,2021,,298,,,,,,,
DATAFLOW,FCSA:DF_STAFF_GEN(3.4.0),Number of Staff in People of Determination Care and Rehabilitation Centers by Gender and Sector,I,A,Annual,STF,Staff,FED,Federal Government,M,Male,_Z,Not Applicable,_Z,Not Applicable,_Z,Not Applicable,_Z,Not Applicable,AE,UAE,NUMBER,Number,MCD,Ministry of Community Development,2022,,48,,,,,,,
DATAFLOW,FCSA:DF_STAFF_GEN(3.4.0),Number of Staff in People of Determination Care and Rehabilitation Centers by Gender and Sector,I,A,Annual,STF,Staff,FED,Federal Government,M,Male,_Z,Not Applicable,_Z,Not Applicable,_Z,Not Applicable,_Z,Not Applicable,AE,UAE,NUMBER,Number,MCD,Ministry of Community Development,2023,,49,,,,,,,
DATAFLOW,FCSA:DF_STAFF_GEN(3.4.0),Number of Staff in People of Determination Care and Rehabilitation Centers by Gender and Sector,I,A,Annual,STF,Staff,LOC,Local Government,M,Male,_Z,Not Applicable,_Z,Not Applicable,_Z,Not Applicable,_Z,Not Applicable,AE,UAE,NUMBER,Number,MCD,Ministry of Community Development,2017,,272,,,,,,,
DATAFLOW,FCSA:DF_STAFF_GEN(3.4.0),Number of Staff in People of Determination Care and Rehabilitation Centers by Gender and Sector,I,A,Annual,STF,Staff,LOC,Local Government,M,Male,_Z,Not Applicable,_Z,Not Applicable,_Z,Not Applicable,_Z,Not Applicable,AE,UAE,NUMBER,Number,MCD,Ministry of Community Development,2021,,47,,,,,,,
DATAFLOW,FCSA:DF_STAFF_GEN(3.4.0),Number of Staff in People of Determination Care and Rehabilitation Centers by Gender and Sector,I,A,Annual,STF,Staff,LOC,Local Government,M,Male,_Z,Not Applicable,_Z,Not Applicable,_Z,Not Applicable,_Z,Not Applicable,AE,UAE,NUMBER,Number,MCD,Ministry of Community Development,2022,,321,,,,,,,
DATAFLOW,FCSA:DF_STAFF_GEN(3.4.0),Number of Staff in People of Determination Care and Rehabilitation Centers by Gender and Sector,I,A,Annual,STF,Staff,LOC,Local Government,M,Male,_Z,Not Applicable,_Z,Not Applicable,_Z,Not Applicable,_Z,Not Applicable,AE,UAE,NUMBER,Number,MCD,Ministry of Community Development,2023,,393,,,,,,,
DATAFLOW,FCSA:DF_STAFF_GEN(3.4.0),Number of Staff in People of Determination Care and Rehabilitation Centers by Gender and Sector,I,A,Annual,STF,Staff,PRIV_SEC,Private Sector,M,Male,_Z,Not Applicable,_Z,Not Applicable,_Z,Not Applicable,_Z,Not Applicable,AE,UAE,NUMBER,Number,MCD,Ministry of Community Development,2017,,505,,,,,,,
DATAFLOW,FCSA:DF_STAFF_GEN(3.4.0),Number of Staff in People of Determination Care and Rehabilitation Centers by Gender and Sector,I,A,Annual,STF,Staff,PRIV_SEC,Private Sector,M,Male,_Z,Not Applicable,_Z,Not Applicable,_Z,Not Applicable,_Z,Not Applicable,AE,UAE,NUMBER,Number,MCD,Ministry of Community Development,2021,,306,,,,,,,
DATAFLOW,FCSA:DF_STAFF_GEN(3.4.0),Number of Staff in People of Determination Care and Rehabilitation Centers by Gender and Sector,I,A,Annual,STF,Staff,PRIV_SEC,Private Sector,M,Male,_Z,Not Applicable,_Z,Not Applicable,_Z,Not Applicable,_Z,Not Applicable,AE,UAE,NUMBER,Number,MCD,Ministry of Community Development,2022,,335,,,,,,,
DATAFLOW,FCSA:DF_STAFF_GEN(3.4.0),Number of Staff in People of Determination Care and Rehabilitation Centers by Gender and Sector,I,A,Annual,STF,Staff,PRIV_SEC,Private Sector,M,Male,_Z,Not Applicable,_Z,Not Applicable,_Z,Not Applicable,_Z,Not Applicable,AE,UAE,NUMBER,Number,MCD,Ministry of Community Development,2023,,382,,,,,,,
DATAFLOW,FCSA:DF_STAFF_GEN(3.4.0),Number of Staff in People of Determination Care and Rehabilitation Centers by Gender and Sector,I,A,Annual,STF,Staff,FED,Federal Government,_T,Total,_Z,Not Applicable,_Z,Not Applicable,_Z,Not Applicable,_Z,Not Applicable,AE,UAE,NUMBER,Number,MCD,Ministry of Community Development,2017,,232,,,,,,,
DATAFLOW,FCSA:DF_STAFF_GEN(3.4.0),Number of Staff in People of Determination Care and Rehabilitation Centers by Gender and Sector,I,A,Annual,STF,Staff,FED,Federal Government,_T,Total,_Z,Not Applicable,_Z,Not Applicable,_Z,Not Applicable,_Z,Not Applicable,AE,UAE,NUMBER,Number,MCD,Ministry of Community Development,2021,,904,,,,,,,
DATAFLOW,FCSA:DF_STAFF_GEN(3.4.0),Number of Staff in People of Determination Care and Rehabilitation Centers by Gender and Sector,I,A,Annual,STF,Staff,FED,Federal Government,_T,Total,_Z,Not Applicable,_Z,Not Applicable,_Z,Not Applicable,_Z,Not Applicable,AE,UAE,NUMBER,Number,MCD,Ministry of Community Development,2022,,276,,,,,,,
DATAFLOW,FCSA:DF_STAFF_GEN(3.4.0),Number of Staff in People of Determination Care and Rehabilitation Centers by Gender and Sector,I,A,Annual,STF,Staff,FED,Federal Government,_T,Total,_Z,Not Applicable,_Z,Not Applicable,_Z,Not Applicable,_Z,Not Applicable,AE,UAE,NUMBER,Number,MCD,Ministry of Community Development,2023,,270,,,,,,,
